batter,phase,balls,runs,dismissals,fours,sixes,dots,strike_rate,balls_per_dismissal,boundary_pct,dot_pct
A Badoni,Death,327,538,24,41,25,79,164.5,13.6,20.2,24.2
A Badoni,Middle,410,516,17,41,16,126,125.9,24.1,13.9,30.7
A Mishra,Death,250,260,24,23,5,91,104.0,10.4,11.2,36.4
A Raghuvanshi,Middle,330,465,12,42,15,81,140.9,27.5,17.3,24.5
A Symonds,Middle,484,609,13,45,24,169,125.8,37.2,14.3,34.9
AB de Villiers,Death,838,1868,40,135,140,151,222.9,21.0,32.8,18.0
AB de Villiers,Middle,1959,2572,63,179,93,536,131.3,31.1,13.9,27.4
AB de Villiers,Powerplay,606,722,22,99,18,294,119.1,27.5,19.3,48.5
AC Gilchrist,Middle,430,621,27,43,38,143,144.4,15.9,18.8,33.3
AC Gilchrist,Powerplay,1033,1385,48,191,49,481,134.1,21.5,23.2,46.6
AD Mathews,Death,276,425,22,30,19,69,154.0,12.5,17.8,25.0
AD Mathews,Middle,282,289,9,14,9,94,102.5,31.3,8.2,33.3
AD Russell,Death,731,1432,57,99,128,253,195.9,12.8,31.1,34.6
AD Russell,Middle,777,1182,34,83,92,321,152.1,22.9,22.5,41.3
AJ Finch,Middle,659,899,30,72,39,203,136.4,22.0,16.8,30.8
AJ Finch,Powerplay,793,910,40,120,25,372,114.8,19.8,18.3,46.9
AK Markram,Middle,695,889,29,53,31,172,127.9,24.0,12.1,24.7
AK Markram,Powerplay,374,486,14,57,18,162,129.9,26.7,20.1,43.3
AL Menaria,Middle,268,296,12,15,14,103,110.4,22.3,10.8,38.4
AM Nayar,Middle,307,297,15,17,7,112,96.7,20.5,7.8,36.5
AM Rahane,Death,323,509,22,45,19,73,157.6,14.7,19.8,22.6
AM Rahane,Middle,1710,2099,75,145,47,427,122.7,22.8,11.2,25.0
AM Rahane,Powerplay,2240,2759,81,350,75,986,123.2,27.7,19.0,44.0
AP Tare,Powerplay,202,226,13,27,7,100,111.9,15.5,16.8,49.5
AR Patel,Death,656,1012,55,58,57,152,154.3,11.9,17.5,23.2
AR Patel,Middle,834,998,39,79,41,305,119.7,21.4,14.4,36.6
AT Rayudu,Death,698,1179,57,89,66,160,168.9,12.2,22.2,22.9
AT Rayudu,Middle,1979,2392,72,177,83,613,120.9,27.5,13.1,31.0
AT Rayudu,Powerplay,732,777,23,93,24,369,106.1,31.8,16.0,50.4
Abdul Samad,Death,325,552,31,34,40,92,169.8,10.5,22.8,28.3
Abdul Samad,Middle,251,305,14,21,15,92,121.5,17.9,14.3,36.7
Abhishek Sharma,Middle,455,796,35,50,57,124,174.9,13.0,23.5,27.3
Abhishek Sharma,Powerplay,807,1387,36,160,76,309,171.9,22.4,29.2,38.3
Abishek Porel,Middle,234,325,13,23,12,57,138.9,18.0,15.0,24.4
Abishek Porel,Powerplay,259,382,14,50,13,105,147.5,18.5,24.3,40.5
Ashutosh Sharma,Death,217,417,15,33,29,51,192.2,14.5,28.6,23.5
B Kumar,Death,326,316,36,30,4,135,96.9,9.1,10.4,41.4
B Sai Sudharsan,Middle,800,1186,23,98,38,161,148.2,34.8,17.0,20.1
B Sai Sudharsan,Powerplay,737,1021,14,136,24,278,138.5,52.6,21.7,37.7
BA Stokes,Middle,389,488,17,34,15,110,125.4,22.9,12.6,28.3
BB McCullum,Middle,869,1144,41,95,50,279,131.6,21.2,16.7,32.1
BB McCullum,Powerplay,1220,1555,58,184,70,589,127.5,21.0,20.8,48.3
BJ Hodge,Death,373,606,24,52,24,83,162.5,15.5,20.4,22.3
BJ Hodge,Middle,583,646,15,52,15,210,110.8,38.9,11.5,36.0
C Green,Middle,365,507,17,28,28,105,138.9,21.5,15.3,28.8
CA Lynn,Middle,371,514,17,30,29,114,138.5,21.8,15.9,30.7
CA Lynn,Powerplay,540,779,17,99,37,251,144.3,31.8,25.2,46.5
CA Pujara,Powerplay,229,215,10,35,1,128,93.9,22.9,15.7,55.9
CH Gayle,Death,284,581,16,39,50,69,204.6,17.8,31.3,24.3
CH Gayle,Middle,1288,2011,46,102,164,414,156.1,28.0,20.7,32.1
CH Gayle,Powerplay,1761,2373,64,264,143,903,134.8,27.5,23.1,51.3
CH Morris,Death,298,499,20,31,29,73,167.4,14.9,20.1,24.5
CJ Anderson,Middle,257,311,8,25,14,107,121.0,32.1,15.2,41.6
CL White,Middle,451,501,18,44,11,162,111.1,25.1,12.2,35.9
D Brevis,Middle,298,431,15,21,32,105,144.6,19.9,17.8,35.2
D Padikkal,Middle,804,1058,41,82,43,238,131.6,19.6,15.5,29.6
D Padikkal,Powerplay,804,1074,31,139,35,349,133.6,25.9,21.6,43.4
DA Miller,Death,866,1509,52,101,95,197,174.2,16.7,22.6,22.7
DA Miller,Middle,1374,1677,36,124,54,415,122.1,38.2,13.0,30.2
DA Warner,Death,355,628,27,55,31,81,176.9,13.1,24.2,22.8
DA Warner,Middle,1944,2621,63,176,100,516,134.8,30.9,14.2,26.5
DA Warner,Powerplay,2398,3316,72,432,105,1028,138.3,33.3,22.4,42.9
DJ Bravo,Death,522,909,40,63,50,119,174.1,13.0,21.6,22.8
DJ Bravo,Middle,572,528,24,42,11,247,92.3,23.8,9.3,43.2
DJ Hooda,Death,320,466,37,28,24,85,145.6,8.6,16.2,26.6
DJ Hooda,Middle,689,867,36,50,35,204,125.8,19.1,12.3,29.6
DJ Hussey,Death,233,410,18,19,33,61,176.0,12.9,22.3,26.2
DJ Hussey,Middle,727,778,27,53,23,258,107.0,26.9,10.5,35.5
DP Conway,Middle,342,521,9,45,21,78,152.3,38.0,19.3,22.8
DP Conway,Powerplay,368,463,11,61,11,148,125.8,33.5,19.6,40.2
DPMD Jayawardene,Death,235,374,12,40,10,54,159.1,19.6,21.3,23.0
DPMD Jayawardene,Middle,728,823,29,67,17,241,113.0,25.1,11.5,33.1
DPMD Jayawardene,Powerplay,499,605,22,93,12,232,121.2,22.7,21.0,46.5
DR Smith,Middle,677,1004,38,80,59,231,148.3,17.8,20.5,34.1
DR Smith,Powerplay,976,1213,27,155,47,474,124.3,36.1,20.7,48.6
DT Christian,Death,223,309,20,17,15,63,138.6,11.2,14.3,28.3
Dhruv Jurel,Death,279,485,16,32,29,62,173.8,17.4,21.9,22.2
Dhruv Jurel,Middle,403,559,18,49,24,129,138.7,22.4,18.1,32.0
E Lewis,Powerplay,286,420,13,49,21,131,146.9,22.0,24.5,45.8
EJG Morgan,Death,314,516,25,31,35,86,164.3,12.6,21.0,27.4
EJG Morgan,Middle,642,714,28,57,26,246,111.2,22.9,12.9,38.3
F du Plessis,Death,316,568,30,49,28,70,179.7,10.5,24.4,22.2
F du Plessis,Middle,1526,1924,52,109,65,379,126.1,29.3,11.4,24.8
F du Plessis,Powerplay,1673,2281,53,282,81,700,136.3,31.6,21.7,41.8
G Gambhir,Middle,1350,1670,52,154,19,348,123.7,26.0,12.8,25.8
G Gambhir,Powerplay,1868,2277,67,310,34,769,121.9,27.9,18.4,41.2
GC Smith,Middle,241,299,11,26,8,71,124.1,21.9,14.1,29.5
GC Smith,Powerplay,387,374,16,59,0,203,96.6,24.2,15.2,52.5
GJ Bailey,Middle,229,205,16,12,2,86,89.5,14.3,6.1,37.6
GJ Maxwell,Death,340,607,31,51,37,98,178.5,11.0,25.9,28.8
GJ Maxwell,Middle,1169,1780,66,128,108,360,152.3,17.7,20.2,30.8
GJ Maxwell,Powerplay,308,432,20,59,16,139,140.3,15.4,24.4,45.1
Gurkeerat Singh,Middle,223,225,11,24,0,82,100.9,20.3,10.8,36.8
H Klaasen,Death,383,738,27,50,48,79,192.7,14.2,25.6,20.6
H Klaasen,Middle,795,1256,19,84,68,185,158.0,41.8,19.1,23.3
HH Gibbs,Middle,345,367,15,24,12,128,106.4,23.0,10.4,37.1
HH Gibbs,Powerplay,416,447,16,54,16,220,107.5,26.0,16.8,52.9
HH Pandya,Death,895,1510,65,106,98,242,168.7,13.8,22.8,27.0
HH Pandya,Middle,948,1271,34,94,58,307,134.1,27.9,16.0,32.4
Harbhajan Singh,Death,412,624,44,57,35,144,151.5,9.4,22.3,35.0
IK Pathan,Death,444,663,29,60,26,119,149.3,15.3,19.4,26.8
IK Pathan,Middle,437,395,20,16,10,156,90.4,21.8,5.9,35.7
Ishan Kishan,Death,220,416,22,38,25,56,189.1,10.0,28.6,25.5
Ishan Kishan,Middle,1185,1660,59,120,78,333,140.1,20.1,16.7,28.1
Ishan Kishan,Powerplay,1103,1524,34,190,63,494,138.2,32.4,22.9,44.8
JA Morkel,Death,408,637,30,38,39,105,156.1,13.6,18.9,25.7
JA Morkel,Middle,266,320,10,20,16,103,120.3,26.6,13.5,38.7
JC Buttler,Death,417,804,28,60,53,99,192.8,14.9,27.1,23.7
JC Buttler,Middle,1380,1988,47,170,76,380,144.1,29.4,17.8,27.5
JC Buttler,Powerplay,1306,1854,43,229,82,583,142.0,30.4,23.8,44.6
JD Ryder,Powerplay,326,440,19,58,13,144,135.0,17.2,21.8,44.2
JH Kallis,Death,228,394,21,39,17,58,172.8,10.9,24.6,25.4
JH Kallis,Middle,1012,997,31,66,12,320,98.5,32.6,7.7,31.6
JH Kallis,Powerplay,982,1036,37,150,15,500,105.5,26.5,16.8,50.9
JJ Roy,Powerplay,290,380,11,56,10,132,131.0,26.4,22.8,45.5
JM Bairstow,Middle,466,655,21,51,30,146,140.6,22.2,17.4,31.3
JM Bairstow,Powerplay,625,944,22,120,39,256,151.0,28.4,25.4,41.0
JM Sharma,Death,263,479,22,34,35,77,182.1,12.0,26.2,29.3
JM Sharma,Middle,440,615,23,50,33,167,139.8,19.1,18.9,38.0
JP Duminy,Death,520,882,26,56,48,90,169.6,20.0,20.0,17.3
JP Duminy,Middle,877,912,17,40,25,261,104.0,51.6,7.4,29.8
JP Duminy,Powerplay,239,235,6,30,6,129,98.3,39.8,15.1,54.0
JP Faulkner,Death,284,439,21,30,21,69,154.6,13.5,18.0,24.3
KA Pollard,Death,1194,2032,87,129,144,349,170.2,13.7,22.9,29.2
KA Pollard,Middle,1086,1352,38,88,78,415,124.5,28.6,15.3,38.2
KC Sangakkara,Middle,812,963,40,90,16,238,118.6,20.3,13.1,29.3
KC Sangakkara,Powerplay,450,522,15,81,6,215,116.0,30.0,19.3,47.8
KD Karthik,Death,1098,1904,84,171,99,279,173.4,13.1,24.6,25.4
KD Karthik,Middle,2077,2542,93,240,56,661,122.4,22.3,14.3,31.8
KD Karthik,Powerplay,402,396,10,55,6,210,98.5,40.2,15.2,52.2
KH Pandya,Death,504,800,36,69,39,137,158.7,14.0,21.4,27.2
KH Pandya,Middle,897,1096,44,93,35,327,122.2,20.4,14.3,36.5
KK Nair,Middle,665,818,35,76,19,209,123.0,19.0,14.3,31.4
KK Nair,Powerplay,484,619,24,88,16,230,127.9,20.2,21.5,47.5
KL Rahul,Death,507,907,32,76,46,98,178.9,15.8,24.1,19.3
KL Rahul,Middle,1789,2484,52,165,100,425,138.8,34.4,14.8,23.8
KL Rahul,Powerplay,1883,2424,43,267,93,797,128.7,43.8,19.1,42.3
KM Jadhav,Death,407,565,23,42,26,117,138.8,17.7,16.7,28.7
KM Jadhav,Middle,493,576,23,48,13,153,116.8,21.4,12.4,31.0
KP Pietersen,Middle,380,486,21,34,21,124,127.9,18.1,14.5,32.6
KP Pietersen,Powerplay,294,392,5,47,12,118,133.3,58.8,20.1,40.1
KR Mayers,Powerplay,205,282,8,34,13,101,137.6,25.6,22.9,49.3
KS Williamson,Death,277,460,16,46,13,45,166.1,17.3,21.3,16.2
KS Williamson,Middle,940,1189,29,78,44,272,126.5,32.4,13.0,28.9
KS Williamson,Powerplay,477,479,14,62,7,240,100.4,34.1,14.5,50.3
Kuldeep Yadav,Death,209,187,15,16,3,94,89.5,13.9,9.1,45.0
LMP Simmons,Middle,356,481,12,38,22,127,135.1,29.7,16.9,35.7
LMP Simmons,Powerplay,460,542,12,67,19,224,117.8,38.3,18.7,48.7
LRPL Taylor,Middle,502,550,26,28,20,178,109.6,19.3,9.6,35.5
LS Livingstone,Middle,393,542,18,33,32,120,137.9,21.8,16.5,30.5
M Manhas,Middle,232,224,10,19,2,92,96.6,23.2,9.1,39.7
M Shahrukh Khan,Death,240,398,21,26,26,67,165.8,11.4,21.7,27.9
M Shahrukh Khan,Middle,263,354,12,21,25,101,134.6,21.9,17.5,38.4
M Vijay,Middle,703,920,40,62,38,217,130.9,17.6,14.2,30.9
M Vijay,Powerplay,1375,1574,51,176,46,657,114.5,27.0,16.1,47.8
M Vohra,Middle,261,330,19,24,12,91,126.4,13.7,13.8,34.9
M Vohra,Powerplay,540,691,26,73,27,247,128.0,20.8,18.5,45.7
MA Agarwal,Middle,786,1094,50,85,42,203,139.2,15.7,16.2,25.8
MA Agarwal,Powerplay,1156,1410,56,168,42,514,122.0,20.6,18.2,44.5
MC Henriques,Death,203,335,14,28,14,47,165.0,14.5,20.7,23.2
MC Henriques,Middle,445,504,21,42,11,157,113.3,21.2,11.9,35.3
MEK Hussey,Middle,709,888,26,69,23,184,125.2,27.3,13.0,26.0
MEK Hussey,Powerplay,767,828,19,105,16,365,108.0,40.4,15.8,47.6
MK Pandey,Death,471,713,33,49,31,109,151.4,14.3,17.0,23.1
MK Pandey,Middle,1814,2146,70,147,63,543,118.3,25.9,11.6,29.9
MK Pandey,Powerplay,1008,1153,32,152,23,492,114.4,31.5,17.4,48.8
MK Tiwary,Death,412,597,27,56,17,100,144.9,15.3,17.7,24.3
MK Tiwary,Middle,807,874,23,75,18,288,108.3,35.1,11.5,35.7
MK Tiwary,Powerplay,230,224,10,25,5,118,97.4,23.0,13.0,51.3
ML Hayden,Middle,294,412,12,31,19,81,140.1,24.5,17.0,27.6
ML Hayden,Powerplay,461,599,13,81,20,218,129.9,35.5,21.9,47.3
MM Ali,Middle,484,655,27,45,36,158,135.3,17.9,16.7,32.6
MP Stoinis,Death,542,980,36,80,59,133,180.8,15.1,25.6,24.5
MP Stoinis,Middle,728,944,33,58,48,231,129.7,22.1,14.6,31.7
MP Stoinis,Powerplay,250,318,10,43,10,125,127.2,25.0,21.2,50.0
MR Marsh,Middle,555,776,19,58,40,168,139.8,29.2,17.7,30.3
MR Marsh,Powerplay,537,839,19,81,54,217,156.2,28.3,25.1,40.4
MS Bisla,Middle,235,272,16,16,10,79,115.7,14.7,11.1,33.6
MS Bisla,Powerplay,434,474,19,70,11,223,109.2,22.8,18.7,51.4
MS Dhoni,Death,1982,3468,113,252,208,486,175.0,17.5,23.2,24.5
MS Dhoni,Middle,1903,1912,43,113,56,718,100.5,44.3,8.9,37.7
Mandeep Singh,Death,274,410,25,32,14,61,149.6,11.0,16.8,22.3
Mandeep Singh,Middle,560,663,26,50,16,171,118.4,21.5,11.8,30.5
Mandeep Singh,Powerplay,554,633,33,94,8,265,114.3,16.8,18.4,47.8
N Pooran,Death,495,879,30,60,63,143,177.6,16.5,24.8,28.9
N Pooran,Middle,895,1420,41,90,105,298,158.7,21.8,21.8,33.3
N Rana,Death,243,446,24,40,29,71,183.5,10.1,28.4,29.2
N Rana,Middle,1328,1827,66,143,90,430,137.6,20.1,17.5,32.4
N Rana,Powerplay,664,805,22,105,32,342,121.2,30.2,20.6,51.5
N Wadhera,Middle,420,577,15,50,27,145,137.4,28.0,18.3,34.5
NV Ojha,Death,294,411,27,25,26,107,139.8,10.9,17.3,36.4
NV Ojha,Middle,537,649,24,38,32,196,120.9,22.4,13.0,36.5
NV Ojha,Powerplay,482,494,23,58,21,278,102.5,21.0,16.4,57.7
Nithish Kumar Reddy,Middle,337,476,14,34,23,99,141.2,24.1,16.9,29.4
OA Shah,Middle,200,214,4,13,8,73,107.0,50.0,10.5,36.5
P Kumar,Death,261,294,29,18,14,108,112.6,9.0,12.3,41.4
P Simran Singh,Middle,392,634,28,47,37,101,161.7,14.0,21.4,25.8
P Simran Singh,Powerplay,753,1152,32,142,52,316,153.0,23.5,25.8,42.0
PA Patel,Middle,722,849,43,73,16,205,117.6,16.8,12.3,28.4
PA Patel,Powerplay,1565,1904,76,283,31,706,121.7,20.6,20.1,45.1
PC Valthaty,Powerplay,278,312,15,45,10,158,112.2,18.5,19.8,56.8
PD Salt,Middle,214,383,14,32,23,52,179.0,15.3,25.7,24.3
PD Salt,Powerplay,488,840,23,102,42,179,172.1,21.2,29.5,36.7
PJ Cummins,Death,279,461,28,24,34,85,165.2,10.0,20.8,30.5
PP Chawla,Death,373,453,48,43,15,135,121.4,7.8,15.5,36.2
PP Shaw,Middle,343,515,23,40,24,82,150.1,14.9,18.7,23.9
PP Shaw,Powerplay,919,1347,51,193,37,380,146.6,18.0,25.0,41.3
Priyansh Arya,Powerplay,355,678,22,73,43,125,191.0,16.1,32.7,35.2
Q de Kock,Middle,924,1238,41,96,46,252,134.0,22.5,15.4,27.3
Q de Kock,Powerplay,1509,1963,60,213,85,667,130.1,25.2,19.7,44.2
R Ashwin,Death,356,476,40,37,18,101,133.7,8.9,15.4,28.4
R Ashwin,Middle,276,279,16,16,8,99,101.1,17.2,8.7,35.9
R Dravid,Middle,931,1069,43,100,12,282,114.8,21.7,12.0,30.3
R Dravid,Powerplay,832,905,18,148,7,425,108.8,46.2,18.6,51.1
R Parag,Death,356,571,37,41,37,115,160.4,9.6,21.9,32.3
R Parag,Middle,808,1117,30,73,59,248,138.2,26.9,16.3,30.7
R Powell,Middle,215,234,12,14,13,93,108.8,17.9,12.6,43.3
R Ravindra,Powerplay,200,275,10,35,7,76,137.5,20.0,21.0,38.0
R Tewatia,Death,546,905,39,77,53,155,165.8,14.0,23.8,28.4
R Tewatia,Middle,388,391,16,32,9,152,100.8,24.2,10.6,39.2
R Vinay Kumar,Death,226,262,25,17,9,80,115.9,9.0,11.5,35.4
RA Jadeja,Death,1280,1922,85,141,83,300,150.2,15.1,17.5,23.4
RA Jadeja,Middle,1310,1447,38,99,35,441,110.5,34.5,10.2,33.7
RA Tripathi,Middle,785,1059,33,85,36,220,134.9,23.8,15.4,28.0
RA Tripathi,Powerplay,726,1013,36,128,37,303,139.5,20.2,22.7,41.7
RD Gaikwad,Middle,836,1149,29,73,47,212,137.4,28.8,14.4,25.4
RD Gaikwad,Powerplay,1088,1394,34,161,45,457,128.1,32.0,18.9,42.0
RD Rickelton,Powerplay,343,554,13,59,34,145,161.5,26.4,27.1,42.3
RG Sharma,Death,843,1527,65,127,93,219,181.1,13.0,26.1,26.0
RG Sharma,Middle,2643,3238,102,255,108,822,122.5,25.9,13.7,31.1
RG Sharma,Powerplay,2028,2564,87,279,123,980,126.4,23.3,19.8,48.3
RK Singh,Death,417,791,22,70,50,114,189.7,19.0,28.8,27.3
RK Singh,Middle,511,567,21,40,15,173,111.0,24.3,10.8,33.9
RM Patidar,Middle,641,1102,28,55,81,143,171.9,22.9,21.2,22.3
RM Patidar,Powerplay,215,243,4,34,4,94,113.0,53.8,17.7,43.7
RR Pant,Death,540,1095,42,93,78,151,202.8,12.9,31.7,28.0
RR Pant,Middle,1690,2294,64,196,89,519,135.7,26.4,16.9,30.7
RR Pant,Powerplay,403,476,10,61,14,192,118.1,40.3,18.6,47.6
RS Bopara,Middle,205,222,4,17,3,63,108.3,51.2,9.8,30.7
RV Uthappa,Death,326,567,26,40,35,77,173.9,12.5,23.0,23.6
RV Uthappa,Middle,1837,2350,92,180,97,596,127.9,20.0,15.1,32.4
RV Uthappa,Powerplay,1636,2035,64,261,50,715,124.4,25.6,19.0,43.7
Rashid Khan,Death,322,534,41,40,37,113,165.8,7.9,23.9,35.1
S Badrinath,Death,278,422,21,42,12,59,151.8,13.2,19.4,21.2
S Badrinath,Middle,697,837,21,85,15,227,120.1,33.2,14.3,32.6
S Badrinath,Powerplay,237,182,6,27,1,145,76.8,39.5,11.8,61.2
S Dhawan,Death,421,668,19,69,22,105,158.7,22.2,21.6,24.9
S Dhawan,Middle,2123,2686,79,244,55,579,126.5,26.9,14.1,27.3
S Dhawan,Powerplay,2780,3415,95,455,76,1195,122.8,29.3,19.1,43.0
S Dube,Death,455,764,30,49,55,137,167.9,15.2,22.9,30.1
S Dube,Middle,963,1328,38,80,81,319,137.9,25.3,16.7,33.1
S Sohal,Powerplay,220,279,10,26,15,105,126.8,22.0,18.6,47.7
SA Asnodkar,Powerplay,209,278,10,38,9,94,133.0,20.9,22.5,45.0
SA Yadav,Death,468,834,44,84,46,140,178.2,10.6,27.8,29.9
SA Yadav,Middle,1894,2730,70,260,97,538,144.1,27.1,18.8,28.4
SA Yadav,Powerplay,721,1017,21,138,35,322,141.1,34.3,24.0,44.7
SC Ganguly,Middle,642,630,24,52,17,269,98.1,26.8,10.7,41.9
SC Ganguly,Powerplay,518,529,21,76,9,270,102.1,24.7,16.4,52.1
SE Marsh,Middle,972,1448,29,134,56,249,149.0,33.5,19.5,25.6
SE Marsh,Powerplay,730,767,20,115,8,359,105.1,36.5,16.8,49.2
SK Raina,Death,527,899,26,68,43,104,170.6,20.3,21.1,19.7
SK Raina,Middle,2348,3077,95,240,106,636,131.0,24.7,14.7,27.1
SK Raina,Powerplay,1168,1552,45,198,54,535,132.9,26.0,21.6,45.8
SM Curran,Death,251,456,19,41,26,69,181.7,13.2,26.7,27.5
SM Curran,Middle,350,394,16,28,10,115,112.6,21.9,10.9,32.9
SN Khan,Middle,249,267,15,27,4,92,107.2,16.6,12.4,36.9
SO Hetmyer,Death,556,956,39,61,64,149,171.9,14.3,22.5,26.8
SO Hetmyer,Middle,422,536,15,30,29,146,127.0,28.1,14.0,34.6
SP Narine,Middle,279,486,31,37,38,103,174.2,9.0,26.9,36.9
SP Narine,Powerplay,690,1174,48,143,72,299,170.1,14.4,31.2,43.3
SPD Smith,Death,434,706,27,63,29,96,162.7,16.1,21.2,22.1
SPD Smith,Middle,1095,1279,39,96,21,306,116.8,28.1,10.7,27.9
SPD Smith,Powerplay,411,500,12,66,10,175,121.7,34.2,18.5,42.6
SR Tendulkar,Middle,829,967,36,93,13,241,116.6,23.0,12.8,29.1
SR Tendulkar,Powerplay,982,1143,26,175,10,448,116.4,37.8,18.8,45.6
SR Watson,Death,245,453,23,38,26,57,184.9,10.7,26.1,23.3
SR Watson,Middle,1307,2006,61,167,110,418,153.5,21.4,21.2,32.0
SR Watson,Powerplay,1257,1415,40,171,54,653,112.6,31.4,17.9,51.9
SS Iyer,Death,443,820,31,57,57,102,185.1,14.3,25.7,23.0
SS Iyer,Middle,1740,2377,58,163,102,463,136.6,30.0,15.2,26.6
SS Iyer,Powerplay,910,1032,33,133,23,433,113.4,27.6,17.1,47.6
SS Tiwary,Death,315,454,19,34,17,74,144.1,16.6,16.2,23.5
SS Tiwary,Middle,768,871,27,54,31,262,113.4,28.4,11.1,34.1
ST Jayasuriya,Powerplay,366,514,20,61,27,184,140.4,18.3,24.0,50.3
STR Binny,Death,263,397,20,26,19,68,151.0,13.2,17.1,25.9
STR Binny,Middle,395,465,24,37,16,154,117.7,16.5,13.4,39.0
SV Samson,Death,446,852,31,64,57,100,191.0,14.4,27.1,22.4
SV Samson,Middle,1954,2710,80,162,133,529,138.7,24.4,15.1,27.1
SV Samson,Powerplay,1271,1619,51,206,53,586,127.4,24.9,20.4,46.1
SW Billings,Middle,221,260,13,14,12,72,117.6,17.0,11.8,32.6
Shahbaz Ahmed,Death,214,315,20,18,19,65,147.2,10.7,17.3,30.4
Shahbaz Ahmed,Middle,249,267,7,15,8,80,107.2,35.6,9.2,32.1
Shakib Al Hasan,Death,235,329,22,29,10,58,140.0,10.7,16.6,24.7
Shakib Al Hasan,Middle,366,429,15,39,10,124,117.2,24.4,13.4,33.9
Shashank Singh,Death,262,512,13,38,33,50,195.4,20.2,27.1,19.1
Shashank Singh,Middle,273,359,10,23,18,82,131.5,27.3,15.0,30.0
Shubman Gill,Death,304,474,23,35,22,70,155.9,13.2,18.8,23.0
Shubman Gill,Middle,1413,2080,43,149,79,318,147.2,32.9,16.1,22.5
Shubman Gill,Powerplay,1519,2044,46,262,51,594,134.6,33.0,20.6,39.1
T Stubbs,Death,275,546,10,46,30,45,198.5,27.5,27.6,16.4
T Stubbs,Middle,333,394,11,17,16,90,118.3,30.3,9.9,27.0
TH David,Death,432,843,29,52,67,113,195.1,14.9,27.5,26.2
TH David,Middle,218,308,6,24,16,71,141.3,36.3,18.3,32.6
TL Suman,Middle,286,347,10,23,14,101,121.3,28.6,12.9,35.3
TM Dilshan,Middle,451,466,17,45,7,170,103.3,26.5,11.5,37.7
TM Dilshan,Powerplay,440,488,19,77,8,228,110.9,23.2,19.3,51.8
TM Head,Middle,291,446,21,30,24,73,153.3,13.9,18.6,25.1
TM Head,Powerplay,568,1010,25,136,49,217,177.8,22.7,32.6,38.2
Tilak Varma,Death,274,543,20,44,37,66,198.2,13.7,29.6,24.1
Tilak Varma,Middle,846,1123,24,81,47,248,132.7,35.2,15.1,29.3
V Kohli,Death,835,1573,63,119,93,184,188.4,13.3,25.4,22.0
V Kohli,Middle,3407,4286,99,290,137,927,125.8,34.4,12.5,27.2
V Kohli,Powerplay,2684,3477,81,436,87,1069,129.5,33.1,19.5,39.8
V Sehwag,Middle,615,1062,34,96,55,140,172.7,18.1,24.6,22.8
V Sehwag,Powerplay,1105,1593,60,230,46,452,144.2,18.4,25.0,40.9
V Shankar,Death,310,515,20,31,30,67,166.1,15.5,19.7,21.6
V Shankar,Middle,510,591,21,41,16,154,115.9,24.3,11.2,30.2
V Suryavanshi,Powerplay,293,665,11,59,60,111,227.0,26.6,40.6,37.9
VR Iyer,Middle,547,769,18,55,35,153,140.6,30.4,16.5,28.0
VR Iyer,Powerplay,499,691,22,81,32,230,138.5,22.7,22.6,46.1
WP Saha,Death,353,557,25,40,24,78,157.8,14.1,18.1,22.1
WP Saha,Middle,900,988,38,65,22,274,109.8,23.7,9.7,30.4
WP Saha,Powerplay,1047,1389,55,191,41,460,132.7,19.0,22.2,43.9
Washington Sundar,Death,308,480,28,42,20,84,155.8,11.0,20.1,27.3
Washington Sundar,Middle,301,348,13,33,6,96,115.6,23.2,13.0,31.9
Y Venugopal Rao,Death,251,387,23,32,17,62,154.2,10.9,19.5,24.7
Y Venugopal Rao,Middle,488,522,16,36,20,188,107.0,30.5,11.5,38.5
YBK Jaiswal,Middle,598,825,33,70,31,161,138.0,18.1,16.9,26.9
YBK Jaiswal,Powerplay,1057,1680,40,232,73,470,158.9,26.4,28.9,44.5
YK Pathan,Death,701,1126,45,93,56,184,160.6,15.6,21.3,26.2
YK Pathan,Middle,1299,1735,53,123,89,453,133.6,24.5,16.3,34.9
YK Pathan,Powerplay,241,343,12,46,14,107,142.3,20.1,24.9,44.4
Yuvraj Singh,Death,501,906,42,62,68,151,180.8,11.9,25.9,30.1
Yuvraj Singh,Middle,1435,1655,55,130,76,611,115.3,26.1,14.4,42.6
