bowler,phase,balls,runs,wickets,dots,boundaries,economy,strike_rate,dot_pct,boundary_pct
A Kamboj,Powerplay,282,433,13,117,70,9.21,21.7,41.5,24.8
A Kumble,Middle,690,734,25,252,71,6.38,27.6,36.5,10.3
A Mishra,Death,521,792,42,167,94,9.12,12.4,32.1,18.0
A Mishra,Middle,2712,3089,125,952,301,6.83,21.7,35.1,11.1
A Nehra,Death,527,746,54,160,91,8.49,9.8,30.4,17.3
A Nehra,Middle,288,342,12,101,42,7.12,24.0,35.1,14.6
A Nehra,Powerplay,1093,1317,40,537,219,7.23,27.3,49.1,20.0
A Nortje,Death,440,711,27,135,99,9.7,16.3,30.7,22.5
A Nortje,Middle,236,320,12,83,42,8.14,19.7,35.2,17.8
A Nortje,Powerplay,444,580,22,204,98,7.84,20.2,45.9,22.1
A Singh,Powerplay,264,278,11,125,40,6.32,24.0,47.3,15.2
A Symonds,Middle,330,412,11,106,45,7.49,30.0,32.1,13.6
A Zampa,Middle,336,432,16,95,42,7.71,21.0,28.3,12.5
AB Agarkar,Middle,420,539,16,137,66,7.7,26.2,32.6,15.7
AB Dinda,Death,412,733,26,107,106,10.67,15.8,26.0,25.7
AB Dinda,Middle,294,301,10,112,29,6.14,29.4,38.1,9.9
AB Dinda,Powerplay,810,927,33,408,151,6.87,24.5,50.4,18.6
AD Mathews,Middle,510,651,12,136,72,7.66,42.5,26.7,14.1
AD Russell,Death,586,1018,51,174,149,10.42,11.5,29.7,25.4
AD Russell,Middle,813,1202,49,256,164,8.87,16.6,31.5,20.2
AD Russell,Powerplay,407,536,23,182,88,7.9,17.7,44.7,21.6
AJ Tye,Death,288,434,24,77,55,9.04,12.0,26.7,19.1
AJ Tye,Middle,204,268,7,44,29,7.88,29.1,21.6,14.2
AM Nayar,Middle,217,292,8,65,32,8.07,27.1,30.0,14.7
AR Patel,Death,382,535,22,118,63,8.4,17.4,30.9,16.5
AR Patel,Middle,2507,2940,96,778,283,7.04,26.1,31.0,11.3
AR Patel,Powerplay,690,888,21,269,124,7.72,32.9,39.0,18.0
AS Rajpoot,Powerplay,270,384,9,116,65,8.53,30.0,43.0,24.1
Abhishek Sharma,Middle,258,354,10,67,40,8.23,25.8,26.0,15.5
Arshdeep Singh,Death,676,1058,53,196,142,9.39,12.8,29.0,21.0
Arshdeep Singh,Middle,360,518,15,99,67,8.63,24.0,27.5,18.6
Arshdeep Singh,Powerplay,996,1377,43,419,228,8.3,23.2,42.1,22.9
Avesh Khan,Death,652,1010,44,179,134,9.29,14.8,27.5,20.6
Avesh Khan,Middle,510,683,27,179,91,8.04,18.9,35.1,17.8
Avesh Khan,Powerplay,605,944,22,252,161,9.36,27.5,41.7,26.6
Azhar Mahmood,Death,207,319,17,56,46,9.25,12.2,27.1,22.2
B Kumar,Death,1605,2392,118,419,297,8.94,13.6,26.1,18.5
B Kumar,Middle,452,633,11,121,78,8.4,41.1,26.8,17.3
B Kumar,Powerplay,2543,2665,97,1357,415,6.29,26.2,53.4,16.3
B Lee,Death,311,426,10,92,50,8.22,31.1,29.6,16.1
B Lee,Powerplay,486,532,11,251,89,6.57,44.2,51.6,18.3
BA Stokes,Death,204,312,14,56,40,9.18,14.6,27.5,19.6
BA Stokes,Middle,299,362,6,94,43,7.26,49.8,31.4,14.4
BB Sran,Powerplay,228,330,5,98,54,8.68,45.6,43.0,23.7
BW Hilfenhaus,Powerplay,240,231,12,133,35,5.78,20.0,55.4,14.6
Bipul Sharma,Middle,318,400,11,86,35,7.55,28.9,27.0,11.0
C Green,Middle,306,409,13,101,53,8.02,23.5,33.0,17.3
CH Gayle,Middle,282,324,6,84,31,6.89,47.0,29.8,11.0
CH Morris,Death,646,900,58,183,106,8.36,11.1,28.3,16.4
CH Morris,Middle,396,493,16,150,64,7.47,24.8,37.9,16.2
CH Morris,Powerplay,678,808,21,333,127,7.15,32.3,49.1,18.7
CJ Jordan,Death,278,501,15,70,73,10.81,18.5,25.2,26.3
CJ Jordan,Middle,246,300,12,76,33,7.32,20.5,30.9,13.4
CV Varun,Death,328,467,19,116,56,8.54,17.3,35.4,17.1
CV Varun,Middle,1422,1726,76,501,192,7.28,18.7,35.2,13.5
CV Varun,Powerplay,384,491,15,156,73,7.67,25.6,40.6,19.0
DE Bollinger,Death,234,282,23,88,30,7.23,10.2,37.6,12.8
DE Bollinger,Powerplay,324,365,11,158,61,6.76,29.5,48.8,18.8
DJ Bravo,Death,1385,2064,115,398,252,8.94,12.0,28.7,18.2
DJ Bravo,Middle,1507,1812,58,488,204,7.21,26.0,32.4,13.5
DJ Bravo,Powerplay,228,284,10,112,45,7.47,22.8,49.1,19.7
DJ Hooda,Middle,264,343,6,64,34,7.8,44.0,24.2,12.9
DJ Hussey,Middle,228,301,6,62,30,7.92,38.0,27.2,13.2
DL Chahar,Death,205,322,16,53,39,9.42,12.8,25.9,19.0
DL Chahar,Middle,258,344,8,74,38,8.0,32.2,28.7,14.7
DL Chahar,Powerplay,1605,2080,72,744,339,7.78,22.3,46.4,21.1
DL Vettori,Middle,522,555,19,182,53,6.38,27.5,34.9,10.2
DP Nannes,Death,208,293,13,70,42,8.45,16.0,33.7,20.2
DP Nannes,Powerplay,342,326,15,184,48,5.72,22.8,53.8,14.0
DR Smith,Middle,402,516,15,127,60,7.7,26.8,31.6,14.9
DS Kulkarni,Death,344,542,22,103,68,9.45,15.6,29.9,19.8
DS Kulkarni,Middle,425,576,20,140,74,8.13,21.2,32.9,17.4
DS Kulkarni,Powerplay,1018,1236,44,499,210,7.28,23.1,49.0,20.6
DS Rathi,Middle,324,462,10,85,54,8.56,32.4,26.2,16.7
DT Christian,Death,211,351,12,51,45,9.98,17.6,24.2,21.3
DT Christian,Middle,492,558,18,165,57,6.8,27.3,33.5,11.6
DW Steyn,Death,634,840,50,218,107,7.95,12.7,34.4,16.9
DW Steyn,Middle,408,429,13,177,55,6.31,31.4,43.4,13.5
DW Steyn,Powerplay,1134,1109,34,624,173,5.87,33.4,55.0,15.3
GB Hogg,Middle,318,383,12,98,39,7.23,26.5,30.8,12.3
GD McGrath,Powerplay,222,207,8,127,32,5.59,27.8,57.2,14.4
GJ Maxwell,Middle,702,927,27,218,101,7.92,26.0,31.1,14.4
GJ Maxwell,Powerplay,258,362,11,98,50,8.42,23.5,38.0,19.4
HH Pandya,Death,320,616,32,96,89,11.55,10.0,30.0,27.8
HH Pandya,Middle,1012,1351,37,312,160,8.01,27.4,30.8,15.8
HH Pandya,Powerplay,432,672,13,176,123,9.33,33.2,40.7,28.5
HV Patel,Death,856,1327,81,264,175,9.3,10.6,30.8,20.4
HV Patel,Middle,1260,1606,56,392,194,7.65,22.5,31.1,15.4
HV Patel,Powerplay,390,572,14,151,94,8.8,27.9,38.7,24.1
Harbhajan Singh,Death,273,365,25,91,41,8.02,10.9,33.3,15.0
Harbhajan Singh,Middle,2370,2667,91,792,266,6.75,26.0,33.4,11.2
Harbhajan Singh,Powerplay,773,893,30,380,134,6.93,25.8,49.2,17.3
Harmeet Singh,Middle,324,394,11,107,47,7.3,29.5,33.0,14.5
Harpreet Brar,Middle,648,770,31,217,73,7.13,20.9,33.5,11.3
Harshit Rana,Powerplay,294,451,16,132,76,9.2,18.4,44.9,25.9
I Sharma,Death,466,790,22,114,113,10.17,21.2,24.5,24.2
I Sharma,Middle,432,611,17,127,74,8.49,25.4,29.4,17.1
I Sharma,Powerplay,1521,1785,57,758,301,7.04,26.7,49.8,19.8
IC Pandey,Powerplay,264,295,11,151,53,6.7,24.0,57.2,20.1
IK Pathan,Death,489,730,28,116,89,8.96,17.5,23.7,18.2
IK Pathan,Middle,636,805,24,212,102,7.59,26.5,33.3,16.0
IK Pathan,Powerplay,918,1032,28,507,184,6.75,32.8,55.2,20.0
Imran Tahir,Death,321,474,25,88,51,8.86,12.8,27.4,15.9
Imran Tahir,Middle,941,1101,54,335,115,7.02,17.4,35.6,12.2
Iqbal Abdulla,Middle,525,631,20,161,67,7.21,26.2,30.7,12.8
Iqbal Abdulla,Powerplay,276,285,14,131,37,6.2,19.7,47.5,13.4
J Botha,Middle,396,398,13,142,35,6.03,30.5,35.9,8.8
J Suchith,Middle,336,458,15,105,54,8.18,22.4,31.2,16.1
J Yadav,Middle,210,214,4,80,16,6.11,52.5,38.1,7.6
JA Morkel,Death,325,487,31,84,55,8.99,10.5,25.8,16.9
JA Morkel,Middle,498,550,20,176,61,6.63,24.9,35.3,12.2
JA Morkel,Powerplay,900,1210,34,386,203,8.07,26.5,42.9,22.6
JC Archer,Death,558,886,32,157,121,9.53,17.4,28.1,21.7
JC Archer,Middle,270,305,15,115,38,6.78,18.0,42.6,14.1
JC Archer,Powerplay,750,860,37,405,145,6.88,20.3,54.0,19.3
JD Ryder,Middle,204,235,7,70,25,6.91,29.1,34.3,12.3
JD Unadkat,Death,665,1178,56,180,161,10.63,11.9,27.1,24.2
JD Unadkat,Middle,834,1152,30,226,135,8.29,27.8,27.1,16.2
JD Unadkat,Powerplay,852,1100,28,351,157,7.75,30.4,41.2,18.4
JH Kallis,Death,360,582,24,89,82,9.7,15.0,24.7,22.8
JH Kallis,Middle,866,1021,23,281,119,7.07,37.7,32.4,13.7
JH Kallis,Powerplay,516,607,18,231,91,7.06,28.7,44.8,17.6
JJ Bumrah,Death,1423,1865,102,444,215,7.86,14.0,31.2,15.1
JJ Bumrah,Middle,942,995,45,371,109,6.34,20.9,39.4,11.6
JJ Bumrah,Powerplay,1266,1373,40,637,207,6.51,31.6,50.3,16.4
JO Holder,Death,334,509,33,88,64,9.14,10.1,26.3,19.2
JO Holder,Middle,531,666,28,174,78,7.53,19.0,32.8,14.7
JO Holder,Powerplay,360,502,9,151,79,8.37,40.0,41.9,21.9
JP Behrendorff,Powerplay,240,323,11,103,52,8.08,21.8,42.9,21.7
JP Duminy,Middle,462,523,17,151,48,6.79,27.2,32.7,10.4
JP Faulkner,Death,467,748,32,115,91,9.61,14.6,24.6,19.5
JP Faulkner,Middle,400,527,13,128,63,7.9,30.8,32.0,15.8
JP Faulkner,Powerplay,360,445,14,154,70,7.42,25.7,42.8,19.4
JR Hazlewood,Death,329,538,27,100,78,9.81,12.2,30.4,23.7
JR Hazlewood,Middle,205,265,14,73,35,7.76,14.6,35.6,17.1
JR Hazlewood,Powerplay,642,847,31,321,140,7.92,20.7,50.0,21.8
JR Hopes,Middle,234,307,7,77,41,7.87,33.4,32.9,17.5
K Gowtham,Middle,294,366,11,94,37,7.47,26.7,32.0,12.6
K Gowtham,Powerplay,270,381,9,106,62,8.47,30.0,39.3,23.0
K Kartikeya,Middle,252,334,11,76,38,7.95,22.9,30.2,15.1
K Rabada,Death,684,1061,69,229,146,9.31,9.9,33.5,21.3
K Rabada,Middle,526,647,28,201,77,7.38,18.8,38.2,14.6
K Rabada,Powerplay,1080,1524,51,472,249,8.47,21.2,43.7,23.1
KA Pollard,Death,337,578,26,88,77,10.29,13.0,26.1,22.8
KA Pollard,Middle,1115,1442,41,305,160,7.76,27.2,27.4,14.3
KH Pandya,Death,217,301,18,76,35,8.32,12.1,35.0,16.1
KH Pandya,Middle,1926,2283,70,553,213,7.11,27.5,28.7,11.1
KH Pandya,Powerplay,558,717,17,216,105,7.71,32.8,38.7,18.8
KK Ahmed,Death,415,708,37,128,99,10.24,11.2,30.8,23.9
KK Ahmed,Middle,264,360,16,87,45,8.18,16.5,33.0,17.0
KK Ahmed,Powerplay,978,1306,38,468,222,8.01,25.7,47.9,22.7
KK Cooper,Death,264,368,17,72,42,8.36,15.5,27.3,15.9
KK Cooper,Middle,216,257,12,69,26,7.14,18.0,31.9,12.0
KV Sharma,Middle,1308,1793,66,410,203,8.22,19.8,31.3,15.5
Kartik Tyagi,Death,242,409,16,72,57,10.14,15.1,29.8,23.6
Kartik Tyagi,Middle,270,369,8,96,53,8.2,33.8,35.6,19.6
Kartik Tyagi,Powerplay,216,368,9,87,64,10.22,24.0,40.3,29.6
Kuldeep Yadav,Death,370,521,29,116,57,8.45,12.8,31.4,15.4
Kuldeep Yadav,Middle,1856,2499,82,549,271,8.08,22.6,29.6,14.6
L Balaji,Death,502,822,33,110,105,9.82,15.2,21.9,20.9
L Balaji,Middle,560,625,28,198,70,6.7,20.0,35.4,12.5
L Balaji,Powerplay,450,496,15,229,81,6.61,30.0,50.9,18.0
L Ngidi,Death,248,350,22,80,45,8.47,11.3,32.3,18.1
L Ngidi,Powerplay,246,316,13,117,51,7.71,18.9,47.6,20.7
LH Ferguson,Death,337,580,17,94,81,10.33,19.8,27.9,24.0
LH Ferguson,Middle,456,566,18,174,77,7.45,25.3,38.2,16.9
LH Ferguson,Powerplay,296,443,17,126,75,8.98,17.4,42.6,25.3
LR Shukla,Middle,210,266,6,76,33,7.6,35.0,36.2,15.7
LS Livingstone,Middle,270,417,11,62,52,9.27,24.5,23.0,19.3
M Ashwin,Middle,654,813,26,203,87,7.46,25.2,31.0,13.3
M Jansen,Middle,336,511,13,90,68,9.12,25.8,26.8,20.2
M Jansen,Powerplay,510,714,19,230,119,8.4,26.8,45.1,23.3
M Kartik,Middle,816,932,18,268,88,6.85,45.3,32.8,10.8
M Markande,Middle,654,952,33,184,118,8.73,19.8,28.1,18.0
M Morkel,Death,390,580,31,112,72,8.92,12.6,28.7,18.5
M Morkel,Middle,333,413,10,118,53,7.44,33.3,35.4,15.9
M Morkel,Powerplay,906,1002,36,478,164,6.64,25.2,52.8,18.1
M Muralitharan,Death,275,359,22,103,43,7.83,12.5,37.5,15.6
M Muralitharan,Middle,1105,1129,39,422,107,6.13,28.3,38.2,9.7
M Pathirana,Death,402,559,33,126,70,8.34,12.2,31.3,17.4
M Pathirana,Middle,300,352,14,110,41,7.04,21.4,36.7,13.7
M Prasidh Krishna,Death,560,941,42,184,142,10.08,13.3,32.9,25.4
M Prasidh Krishna,Middle,555,734,31,208,103,7.94,17.9,37.5,18.6
M Prasidh Krishna,Powerplay,618,802,17,295,133,7.79,36.4,47.7,21.5
M Theekshana,Middle,408,518,14,111,51,7.62,29.1,27.2,12.5
M Theekshana,Powerplay,312,436,10,101,61,8.38,31.2,32.4,19.6
MA Starc,Death,357,509,37,113,65,8.55,9.6,31.7,18.2
MA Starc,Powerplay,672,930,26,299,160,8.3,25.8,44.5,23.8
MC Henriques,Middle,649,835,28,191,96,7.72,23.2,29.4,14.8
MC Henriques,Powerplay,203,268,9,88,44,7.92,22.6,43.3,21.7
MG Johnson,Death,302,457,29,108,65,9.08,10.4,35.8,21.5
MG Johnson,Middle,312,393,7,122,54,7.56,44.6,39.1,17.3
MG Johnson,Powerplay,618,772,25,303,130,7.5,24.7,49.0,21.0
MJ McClenaghan,Death,368,529,32,109,65,8.62,11.5,29.6,17.7
MJ McClenaghan,Middle,252,353,8,92,52,8.4,31.5,36.5,20.6
MJ McClenaghan,Powerplay,654,812,31,306,129,7.45,21.1,46.8,19.7
MJ Santner,Middle,480,546,22,158,56,6.82,21.8,32.9,11.7
MM Ali,Middle,701,854,34,228,84,7.31,20.6,32.5,12.0
MM Patel,Death,305,511,23,86,74,10.05,13.3,28.2,24.3
MM Patel,Middle,396,395,22,156,42,5.98,18.0,39.4,10.6
MM Patel,Powerplay,654,741,29,348,121,6.8,22.6,53.2,18.5
MM Sharma,Death,807,1340,63,205,171,9.96,12.8,25.4,21.2
MM Sharma,Middle,738,944,35,221,112,7.67,21.1,29.9,15.2
MM Sharma,Powerplay,858,1140,36,387,187,7.97,23.8,45.1,21.8
MP Stoinis,Middle,601,875,22,159,108,8.74,27.3,26.5,18.0
MR Marsh,Middle,333,399,19,99,43,7.19,17.5,29.7,12.9
MS Gony,Middle,282,353,12,98,46,7.51,23.5,34.8,16.3
MS Gony,Powerplay,486,691,18,215,115,8.53,27.0,44.2,23.7
Mohammad Nabi,Middle,228,306,6,65,33,8.05,38.0,28.5,14.5
Mohammed Shami,Death,728,1276,68,190,175,10.52,10.7,26.1,24.0
Mohammed Shami,Middle,534,743,17,158,94,8.35,31.4,29.6,17.6
Mohammed Shami,Powerplay,1650,2022,60,816,341,7.35,27.5,49.5,20.7
Mohammed Siraj,Death,740,1195,47,228,175,9.69,15.7,30.8,23.6
Mohammed Siraj,Middle,468,572,21,175,69,7.33,22.3,37.4,14.7
Mohammed Siraj,Powerplay,1464,1924,60,708,325,7.89,24.4,48.4,22.2
Mohsin Khan,Powerplay,318,405,15,159,67,7.64,21.2,50.0,21.1
Mujeeb Ur Rahman,Middle,234,287,10,68,27,7.36,23.4,29.1,11.5
Mukesh Choudhary,Powerplay,330,475,17,156,81,8.64,19.4,47.3,24.5
Mukesh Kumar,Death,282,562,19,66,87,11.96,14.8,23.4,30.9
Mukesh Kumar,Powerplay,366,565,11,149,98,9.26,33.3,40.7,26.8
Mustafizur Rahman,Death,576,831,35,183,105,8.66,16.5,31.8,18.2
Mustafizur Rahman,Middle,326,413,16,107,49,7.6,20.4,32.8,15.0
Mustafizur Rahman,Powerplay,462,535,14,197,76,6.95,33.0,42.6,16.5
N Burger,Powerplay,216,328,11,94,56,9.11,19.6,43.5,25.9
NLTC Perera,Death,230,424,17,56,61,11.06,13.5,24.3,26.5
NLTC Perera,Middle,288,353,8,91,45,7.35,36.0,31.6,15.6
NM Coulter-Nile,Death,248,371,22,80,52,8.98,11.3,32.3,21.0
NM Coulter-Nile,Middle,249,274,11,102,35,6.6,22.6,41.0,14.1
NM Coulter-Nile,Powerplay,360,409,15,186,68,6.82,24.0,51.7,18.9
Navdeep Saini,Middle,204,286,4,78,43,8.41,51.0,38.2,21.1
Navdeep Saini,Powerplay,282,384,8,133,65,8.17,35.2,47.2,23.0
Noor Ahmad,Middle,887,1151,44,274,130,7.79,20.2,30.9,14.7
P Awana,Middle,306,354,12,118,43,6.94,25.5,38.6,14.1
P Awana,Powerplay,270,347,13,123,55,7.71,20.8,45.6,20.4
P Kumar,Death,592,998,36,138,132,10.11,16.4,23.3,22.3
P Kumar,Middle,360,454,14,125,53,7.57,25.7,34.7,14.7
P Kumar,Powerplay,1572,1654,40,812,257,6.31,39.3,51.7,16.3
P Negi,Middle,594,714,24,193,73,7.21,24.8,32.5,12.3
PJ Cummins,Death,489,802,27,127,109,9.84,18.1,26.0,22.3
PJ Cummins,Middle,534,665,29,181,80,7.47,18.4,33.9,15.0
PJ Cummins,Powerplay,786,1111,31,337,178,8.48,25.4,42.9,22.6
PJ Sangwan,Middle,366,480,19,117,63,7.87,19.3,32.0,17.2
PJ Sangwan,Powerplay,354,479,13,161,80,8.12,27.2,45.5,22.6
PP Chawla,Death,444,632,39,150,79,8.54,11.4,33.8,17.8
PP Chawla,Middle,2969,3837,130,979,432,7.75,22.8,33.0,14.6
PP Chawla,Powerplay,437,557,20,196,85,7.65,21.8,44.9,19.5
PP Ojha,Death,286,434,19,70,52,9.1,15.1,24.5,18.2
PP Ojha,Middle,1373,1512,63,494,143,6.61,21.8,36.0,10.4
PP Ojha,Powerplay,240,314,6,103,47,7.85,40.0,42.9,19.6
PV Tambe,Middle,504,582,20,158,58,6.93,25.2,31.3,11.5
PVD Chameera,Powerplay,204,303,7,94,52,8.91,29.1,46.1,25.5
PWH de Silva,Middle,618,845,30,193,98,8.2,20.6,31.2,15.9
R Ashwin,Death,601,785,36,178,76,7.84,16.7,29.6,12.6
R Ashwin,Middle,2857,3234,99,893,292,6.79,28.9,31.3,10.2
R Ashwin,Powerplay,1252,1433,48,535,186,6.87,26.1,42.7,14.9
R Bhatia,Death,231,325,19,61,34,8.44,12.2,26.4,14.7
R Bhatia,Middle,1393,1634,52,371,149,7.04,26.8,26.6,10.7
R Dhawan,Middle,414,499,16,125,52,7.23,25.9,30.2,12.6
R Parag,Middle,294,453,8,65,51,9.24,36.8,22.1,17.3
R Sai Kishore,Middle,366,512,23,110,59,8.39,15.9,30.1,16.1
R Sharma,Middle,684,754,30,253,76,6.61,22.8,37.0,11.1
R Shepherd,Middle,252,463,9,65,68,11.02,28.0,25.8,27.0
R Tewatia,Middle,786,1018,27,241,108,7.77,29.1,30.7,13.7
R Vinay Kumar,Death,657,1100,47,166,143,10.05,14.0,25.3,21.8
R Vinay Kumar,Middle,714,907,28,248,114,7.62,25.5,34.7,16.0
R Vinay Kumar,Powerplay,750,873,30,349,133,6.98,25.0,46.5,17.7
RA Jadeja,Death,528,758,29,165,88,8.61,18.2,31.2,16.7
RA Jadeja,Middle,3582,4406,144,1119,447,7.38,24.9,31.2,12.5
RD Chahar,Middle,1452,1837,58,490,204,7.59,25.0,33.7,14.0
RE van der Merwe,Middle,312,310,11,116,24,5.96,28.4,37.2,7.7
RG Sharma,Middle,240,305,6,53,27,7.62,40.0,22.1,11.2
RJ Harris,Death,274,411,25,78,53,9.0,11.0,28.5,19.3
RJ Harris,Powerplay,426,430,14,236,72,6.06,30.4,55.4,16.9
RP Singh,Death,527,768,45,146,97,8.74,11.7,27.7,18.4
RP Singh,Middle,246,318,10,80,41,7.76,24.6,32.5,16.7
RP Singh,Powerplay,1002,1132,35,518,184,6.78,28.6,51.7,18.4
RR Powar,Middle,270,309,7,84,29,6.87,38.6,31.1,10.7
Rashid Khan,Death,630,900,43,216,113,8.57,14.7,34.3,17.9
Rashid Khan,Middle,2552,2880,121,901,297,6.77,21.1,35.3,11.6
Rashid Khan,Powerplay,348,436,15,137,57,7.52,23.2,39.4,16.4
Ravi Bishnoi,Death,265,399,21,97,57,9.03,12.6,36.6,21.5
Ravi Bishnoi,Middle,1386,1830,56,444,210,7.92,24.8,32.0,15.2
S Aravind,Powerplay,426,516,20,187,76,7.27,21.3,43.9,17.8
S Gopal,Middle,822,1129,38,252,124,8.24,21.6,30.7,15.1
S Kaul,Death,417,598,30,106,74,8.6,13.9,25.4,17.7
S Kaul,Middle,444,593,16,144,73,8.01,27.8,32.4,16.4
S Kaul,Powerplay,348,512,12,137,84,8.83,29.0,39.4,24.1
S Nadeem,Middle,1001,1172,34,312,112,7.02,29.4,31.2,11.2
S Nadeem,Powerplay,300,396,8,113,55,7.92,37.5,37.7,18.3
S Sreesanth,Powerplay,570,650,27,290,105,6.84,21.1,50.9,18.4
SB Jakati,Middle,858,1080,36,263,110,7.55,23.8,30.7,12.8
SC Ganguly,Middle,246,295,10,68,30,7.2,24.6,27.6,12.2
SK Raina,Middle,713,833,17,222,85,7.01,41.9,31.1,11.9
SK Trivedi,Death,306,442,20,88,50,8.67,15.3,28.8,16.3
SK Trivedi,Middle,1074,1202,39,344,121,6.72,27.5,32.0,11.3
SK Warne,Death,216,315,17,70,39,8.75,12.7,32.4,18.1
SK Warne,Middle,942,1036,38,345,99,6.6,24.8,36.6,10.5
SL Malinga,Death,1117,1390,108,350,153,7.47,10.3,31.3,13.7
SL Malinga,Middle,600,698,25,212,79,6.98,24.0,35.3,13.2
SL Malinga,Powerplay,1110,1088,37,582,165,5.88,30.0,52.4,14.9
SM Curran,Death,389,705,34,95,95,10.87,11.4,24.4,24.4
SM Curran,Middle,294,502,14,73,69,10.24,21.0,24.8,23.5
SM Curran,Powerplay,570,762,11,226,120,8.02,51.8,39.6,21.1
SM Pollock,Powerplay,204,205,8,105,27,6.03,25.5,51.5,13.2
SN Thakur,Death,749,1254,55,215,165,10.05,13.6,28.7,22.0
SN Thakur,Middle,729,962,35,241,121,7.92,20.8,33.1,16.6
SN Thakur,Powerplay,724,1108,29,279,189,9.18,25.0,38.5,26.1
SP Narine,Death,1105,1304,84,413,141,7.08,13.2,37.4,12.8
SP Narine,Middle,2556,2751,94,903,245,6.46,27.2,35.3,9.6
SP Narine,Powerplay,990,1108,29,468,159,6.72,34.1,47.3,16.1
SR Watson,Death,577,884,42,180,125,9.19,13.7,31.2,21.7
SR Watson,Middle,618,730,16,206,84,7.09,38.6,33.3,13.6
SR Watson,Powerplay,834,948,34,417,157,6.82,24.5,50.0,18.8
ST Jayasuriya,Middle,228,280,10,65,28,7.37,22.8,28.5,12.3
STR Binny,Middle,378,456,14,123,53,7.24,27.0,32.5,14.0
SW Tait,Powerplay,228,249,7,113,40,6.55,32.6,49.6,17.5
Sandeep Sharma,Death,789,1325,63,193,169,10.08,12.5,24.5,21.4
Sandeep Sharma,Middle,630,816,24,180,87,7.77,26.2,28.6,13.8
Sandeep Sharma,Powerplay,1740,2000,64,832,307,6.9,27.2,47.8,17.6
Shahbaz Ahmed,Middle,453,720,18,108,89,9.54,25.2,23.8,19.6
Shakib Al Hasan,Middle,840,950,32,254,80,6.79,26.2,30.2,9.5
Shakib Al Hasan,Powerplay,450,556,18,203,85,7.41,25.0,45.1,18.9
Shivam Mavi,Powerplay,300,392,9,130,65,7.84,33.3,43.3,21.7
Shivang Kumar,Middle,216,324,7,56,42,9.0,30.9,25.9,19.4
Suyash Sharma,Middle,690,1002,20,213,133,8.71,34.5,30.9,19.3
T Natarajan,Death,631,1035,47,167,144,9.84,13.4,26.5,22.8
T Natarajan,Middle,532,731,11,128,77,8.24,48.4,24.1,14.5
T Natarajan,Powerplay,390,528,15,170,89,8.12,26.0,43.6,22.8
TA Boult,Death,746,1283,57,191,181,10.32,13.1,25.6,24.3
TA Boult,Middle,378,541,16,90,67,8.59,23.6,23.8,17.7
TA Boult,Powerplay,1656,1973,72,854,328,7.15,23.0,51.6,19.8
TG Southee,Death,348,587,18,83,76,10.12,19.3,23.9,21.8
TG Southee,Middle,222,273,11,73,30,7.38,20.2,32.9,13.5
TG Southee,Powerplay,636,819,18,291,131,7.73,35.3,45.8,20.6
TM Dilshan,Middle,204,270,4,59,31,7.94,51.0,28.9,15.2
TU Deshpande,Death,359,654,29,102,97,10.93,12.4,28.4,27.0
TU Deshpande,Middle,222,363,9,48,47,9.81,24.7,21.6,21.2
TU Deshpande,Powerplay,522,743,17,227,126,8.54,30.7,43.5,24.1
UT Yadav,Death,732,1212,52,196,166,9.93,14.1,26.8,22.7
UT Yadav,Middle,872,1148,34,289,156,7.9,25.6,33.1,17.9
UT Yadav,Powerplay,1446,1776,58,700,296,7.37,24.9,48.4,20.5
Umran Malik,Middle,390,515,23,170,81,7.92,17.0,43.6,20.8
V Kohli,Middle,225,293,3,46,27,7.81,75.0,20.4,12.0
VG Arora,Death,224,363,19,65,51,9.72,11.8,29.0,22.8
VG Arora,Powerplay,540,777,22,216,126,8.63,24.5,40.0,23.3
VR Aaron,Death,208,364,15,60,54,10.5,13.9,28.8,26.0
VR Aaron,Middle,402,507,15,151,73,7.57,26.8,37.6,18.2
VR Aaron,Powerplay,384,522,14,176,83,8.16,27.4,45.8,21.6
Vijaykumar Vyshak,Middle,318,482,13,77,60,9.09,24.5,24.2,18.9
WD Parnell,Death,231,316,16,76,42,8.21,14.4,32.9,18.2
WD Parnell,Powerplay,372,427,16,176,68,6.89,23.2,47.3,18.3
Washington Sundar,Middle,702,826,21,204,72,7.06,33.4,29.1,10.3
Washington Sundar,Powerplay,384,529,13,160,82,8.27,29.5,41.7,21.4
YK Pathan,Middle,714,871,24,207,90,7.32,29.8,29.0,12.6
YK Pathan,Powerplay,354,379,14,165,53,6.42,25.3,46.6,15.0
YS Chahal,Death,673,1024,65,188,116,9.13,10.4,27.9,17.2
YS Chahal,Middle,2960,3703,147,960,392,7.51,20.1,32.4,13.2
YS Chahal,Powerplay,404,521,17,171,77,7.74,23.8,42.3,19.1
Yash Dayal,Death,228,379,16,59,50,9.97,14.2,25.9,21.9
Yash Dayal,Middle,205,277,9,69,34,8.11,22.8,33.7,16.6
Yash Dayal,Powerplay,438,664,16,179,111,9.1,27.4,40.9,25.3
Yuvraj Singh,Middle,756,913,30,227,85,7.25,25.2,30.0,11.2
Z Khan,Death,607,899,37,149,108,8.89,16.4,24.5,17.8
Z Khan,Middle,301,404,13,87,50,8.05,23.2,28.9,16.6
Z Khan,Powerplay,1292,1388,52,637,218,6.45,24.8,49.3,16.9
